{
  "best_model": "Random_Forest",
  "best_f1": 0.9961,
  "models": [
    {
      "model": "KNN",
      "params": {
        "n_neighbors": 8,
        "weights": "uniform"
      },
      "accuracy": 0.9808,
      "precision": 0.9815,
      "recall": 0.9808,
      "f1_score": 0.9805,
      "per_class_metrics": {
        "camion": {
          "precision": 1.0,
          "recall": 0.9166666666666666,
          "f1-score": 0.9565217391304348,
          "support": 60.0
        },
        "moto": {
          "precision": 1.0,
          "recall": 1.0,
          "f1-score": 1.0,
          "support": 80.0
        },
        "voiture": {
          "precision": 0.96,
          "recall": 1.0,
          "f1-score": 0.9795918367346939,
          "support": 120.0
        },
        "accuracy": 0.9807692307692307,
        "macro avg": {
          "precision": 0.9866666666666667,
          "recall": 0.9722222222222222,
          "f1-score": 0.9787045252883763,
          "support": 260.0
        },
        "weighted avg": {
          "precision": 0.9815384615384615,
          "recall": 0.9807692307692307,
          "f1-score": 0.9805474029076514,
          "support": 260.0
        }
      },
      "confusion_matrix": [
        [
          55,
          0,
          5
        ],
        [
          0,
          80,
          0
        ],
        [
          0,
          0,
          120
        ]
      ],
      "classes": [
        "camion",
        "moto",
        "voiture"
      ]
    },
    {
      "model": "SVM",
      "params": {
        "kernel": "rbf",
        "C": 1.0,
        "gamma": "scale"
      },
      "accuracy": 0.9923,
      "precision": 0.9924,
      "recall": 0.9923,
      "f1_score": 0.9923,
      "per_class_metrics": {
        "camion": {
          "precision": 1.0,
          "recall": 0.9666666666666667,
          "f1-score": 0.9830508474576272,
          "support": 60.0
        },
        "moto": {
          "precision": 1.0,
          "recall": 1.0,
          "f1-score": 1.0,
          "support": 80.0
        },
        "voiture": {
          "precision": 0.9836065573770492,
          "recall": 1.0,
          "f1-score": 0.9917355371900827,
          "support": 120.0
        },
        "accuracy": 0.9923076923076923,
        "macro avg": {
          "precision": 0.9945355191256832,
          "recall": 0.9888888888888889,
          "f1-score": 0.9915954615492367,
          "support": 260.0
        },
        "weighted avg": {
          "precision": 0.9924337957124842,
          "recall": 0.9923076923076923,
          "f1-score": 0.9922742896548753,
          "support": 260.0
        }
      },
      "confusion_matrix": [
        [
          58,
          0,
          2
        ],
        [
          0,
          80,
          0
        ],
        [
          0,
          0,
          120
        ]
      ],
      "classes": [
        "camion",
        "moto",
        "voiture"
      ]
    },
    {
      "model": "Random_Forest",
      "params": {
        "n_estimators": 100,
        "max_depth": null,
        "random_state": 42
      },
      "accuracy": 0.9962,
      "precision": 0.9962,
      "recall": 0.9962,
      "f1_score": 0.9961,
      "per_class_metrics": {
        "camion": {
          "precision": 1.0,
          "recall": 0.9833333333333333,
          "f1-score": 0.9915966386554622,
          "support": 60.0
        },
        "moto": {
          "precision": 1.0,
          "recall": 1.0,
          "f1-score": 1.0,
          "support": 80.0
        },
        "voiture": {
          "precision": 0.9917355371900827,
          "recall": 1.0,
          "f1-score": 0.995850622406639,
          "support": 120.0
        },
        "accuracy": 0.9961538461538462,
        "macro avg": {
          "precision": 0.997245179063361,
          "recall": 0.9944444444444445,
          "f1-score": 0.9958157536873671,
          "support": 260.0
        },
        "weighted avg": {
          "precision": 0.9961856325492688,
          "recall": 0.9961538461538462,
          "f1-score": 0.9961456654158631,
          "support": 260.0
        }
      },
      "confusion_matrix": [
        [
          59,
          0,
          1
        ],
        [
          0,
          80,
          0
        ],
        [
          0,
          0,
          120
        ]
      ],
      "classes": [
        "camion",
        "moto",
        "voiture"
      ]
    },
    {
      "model": "Logistic_Regression",
      "params": {
        "max_iter": 100,
        "random_state": 42
      },
      "accuracy": 0.9923,
      "precision": 0.9924,
      "recall": 0.9923,
      "f1_score": 0.9923,
      "per_class_metrics": {
        "camion": {
          "precision": 1.0,
          "recall": 0.9666666666666667,
          "f1-score": 0.9830508474576272,
          "support": 60.0
        },
        "moto": {
          "precision": 1.0,
          "recall": 1.0,
          "f1-score": 1.0,
          "support": 80.0
        },
        "voiture": {
          "precision": 0.9836065573770492,
          "recall": 1.0,
          "f1-score": 0.9917355371900827,
          "support": 120.0
        },
        "accuracy": 0.9923076923076923,
        "macro avg": {
          "precision": 0.9945355191256832,
          "recall": 0.9888888888888889,
          "f1-score": 0.9915954615492367,
          "support": 260.0
        },
        "weighted avg": {
          "precision": 0.9924337957124842,
          "recall": 0.9923076923076923,
          "f1-score": 0.9922742896548753,
          "support": 260.0
        }
      },
      "confusion_matrix": [
        [
          58,
          0,
          2
        ],
        [
          0,
          80,
          0
        ],
        [
          0,
          0,
          120
        ]
      ],
      "classes": [
        "camion",
        "moto",
        "voiture"
      ]
    }
  ]
}