{
  "best_model": "XGBoost",
  "best_f1": 0.9923,
  "models": [
    {
      "model": "XGBoost",
      "params": {
        "n_estimators": 100,
        "max_depth": 6,
        "learning_rate": 0.1,
        "use_label_encoder": false,
        "eval_metric": "mlogloss",
        "random_state": 42
      },
      "accuracy": 0.9923,
      "precision": 0.9924,
      "recall": 0.9923,
      "f1_score": 0.9923,
      "per_class_metrics": {
        "camion": {
          "precision": 1.0,
          "recall": 0.9666666666666667,
          "f1-score": 0.9830508474576272,
          "support": 60.0
        },
        "moto": {
          "precision": 1.0,
          "recall": 1.0,
          "f1-score": 1.0,
          "support": 80.0
        },
        "voiture": {
          "precision": 0.9836065573770492,
          "recall": 1.0,
          "f1-score": 0.9917355371900827,
          "support": 120.0
        },
        "accuracy": 0.9923076923076923,
        "macro avg": {
          "precision": 0.9945355191256832,
          "recall": 0.9888888888888889,
          "f1-score": 0.9915954615492367,
          "support": 260.0
        },
        "weighted avg": {
          "precision": 0.9924337957124842,
          "recall": 0.9923076923076923,
          "f1-score": 0.9922742896548753,
          "support": 260.0
        }
      },
      "confusion_matrix": [
        [
          58,
          0,
          2
        ],
        [
          0,
          80,
          0
        ],
        [
          0,
          0,
          120
        ]
      ],
      "classes": [
        "camion",
        "moto",
        "voiture"
      ]
    }
  ]
}